,link
0,https://www.facebook.com/Mycryptopedia/
1,https://twitter.com/Mycryptopedia
2,#
3,https://www.mycryptopedia.com/cryptocurrencies/
4,https://www.mycryptopedia.com/cryptocurrencies/bitcoin/
5,https://www.mycryptopedia.com/cryptocurrencies/ethereum/
6,https://www.mycryptopedia.com/cryptocurrencies/ripple/
7,https://www.mycryptopedia.com/cryptocurrencies/litecoin/
8,https://www.mycryptopedia.com/cryptocurrencies/dash/
9,https://www.mycryptopedia.com/cryptocurrencies/monero/
10,https://www.mycryptopedia.com/cryptocurrencies/neo/
11,https://www.mycryptopedia.com/cryptocurrencies/iota/
12,https://www.mycryptopedia.com/cryptocurrencies/nem/
13,https://www.mycryptopedia.com/cryptocurrencies/steem/
14,https://www.mycryptopedia.com/cryptocurrencies/qtum/
15,https://www.mycryptopedia.com/cryptocurrencies/zcash/
16,https://www.mycryptopedia.com/cryptocurrencies/ethereum-classic/
17,https://www.mycryptopedia.com/cryptocurrencies/lisk/
18,https://www.mycryptopedia.com/cryptocurrencies/tenx/
19,https://www.mycryptopedia.com/cryptocurrencies/waves/
20,https://www.mycryptopedia.com/request-network-explained/
21,https://www.mycryptopedia.com/raiblocks-explained/
22,https://www.mycryptopedia.com/stellar-lumens-xlm-explained/
23,https://www.mycryptopedia.com/vechain-ven-explained/
24,https://www.mycryptopedia.com/quantstamp-explained/
25,https://www.mycryptopedia.com/what-is-dragonchain/
26,https://www.mycryptopedia.com/what-is-waltonchain/
27,https://www.mycryptopedia.com/what-is-ark/
28,https://www.mycryptopedia.com/encyclopedia/
29,https://www.mycryptopedia.com/cryptocurrency-tutorial/
30,https://www.mycryptopedia.com/subscribe/
31,https://www.mycryptopedia.com/archive/
32,#
33,https://www.mycryptopedia.com/
34,#
35,https://www.mycryptopedia.com/
36,https://www.mycryptopedia.com/
37,https://www.mycryptopedia.com/cryptocurrencies/
38,https://www.mycryptopedia.com/cryptocurrencies/bitcoin/
39,https://www.mycryptopedia.com/cryptocurrencies/ethereum/
40,https://www.mycryptopedia.com/cryptocurrencies/ripple/
41,https://www.mycryptopedia.com/cryptocurrencies/litecoin/
42,https://www.mycryptopedia.com/cryptocurrencies/dash/
43,https://www.mycryptopedia.com/cryptocurrencies/monero/
44,https://www.mycryptopedia.com/cryptocurrencies/neo/
45,https://www.mycryptopedia.com/cryptocurrencies/iota/
46,https://www.mycryptopedia.com/cryptocurrencies/nem/
47,https://www.mycryptopedia.com/cryptocurrencies/steem/
48,https://www.mycryptopedia.com/cryptocurrencies/qtum/
49,https://www.mycryptopedia.com/cryptocurrencies/zcash/
50,https://www.mycryptopedia.com/cryptocurrencies/ethereum-classic/
51,https://www.mycryptopedia.com/cryptocurrencies/lisk/
52,https://www.mycryptopedia.com/cryptocurrencies/tenx/
53,https://www.mycryptopedia.com/cryptocurrencies/waves/
54,https://www.mycryptopedia.com/request-network-explained/
55,https://www.mycryptopedia.com/raiblocks-explained/
56,https://www.mycryptopedia.com/stellar-lumens-xlm-explained/
57,https://www.mycryptopedia.com/vechain-ven-explained/
58,https://www.mycryptopedia.com/quantstamp-explained/
59,https://www.mycryptopedia.com/what-is-dragonchain/
60,https://www.mycryptopedia.com/what-is-waltonchain/
61,https://www.mycryptopedia.com/what-is-ark/
62,https://www.mycryptopedia.com/encyclopedia/
63,https://www.mycryptopedia.com/cryptocurrency-tutorial/
64,https://www.mycryptopedia.com/subscribe/
65,https://www.mycryptopedia.com/archive/
66,#
67,#
68,https://www.mycryptopedia.com/
69,http://mycryptopedia.com/cryptocurrencies/bitcoin/
70,http://mycryptopedia.com/cryptocurrencies/ethereum/
71,http://mycryptopedia.com/cryptocurrencies/ripple/
72,http://mycryptopedia.com/cryptocurrencies/litecoin/
73,http://mycryptopedia.com/cryptocurrencies/dash/
74,http://mycryptopedia.com/cryptocurrencies/monero/
75,https://www.mycryptopedia.com/cryptocurrencies/neo/
76,https://www.mycryptopedia.com/cryptocurrencies/iota/
77,https://www.mycryptopedia.com/cryptocurrencies/nem/
78,https://www.mycryptopedia.com/cryptocurrencies/steem/
79,https://www.mycryptopedia.com/cryptocurrencies/qtum/
80,https://www.mycryptopedia.com/cryptocurrencies/zcash/
81,https://www.mycryptopedia.com/cryptocurrencies/ethereum-classic/
82,https://www.mycryptopedia.com/cryptocurrencies/lisk/
83,https://www.mycryptopedia.com/cryptocurrencies/tenx/
84,https://www.mycryptopedia.com/cryptocurrencies/waves/
85,https://www.mycryptopedia.com/request-network-explained/
86,https://www.mycryptopedia.com/raiblocks-explained/
87,https://www.mycryptopedia.com/stellar-lumens-xlm-explained/
88,https://www.mycryptopedia.com/vechain-ven-explained/
89,https://www.mycryptopedia.com/quantstamp-explained/
90,https://www.mycryptopedia.com/what-is-dragonchain/
91,https://www.mycryptopedia.com/what-is-waltonchain/
92,https://www.mycryptopedia.com/what-is-ark/
93,https://www.mycryptopedia.com/pressrelease/
94,https://www.mycryptopedia.com/jobs/
95,https://www.mycryptopedia.com/archive/
96,https://www.mycryptopedia.com/about/
97,https://www.mycryptopedia.com/contact-us/
98,https://www.mycryptopedia.com/terms-conditions/
99,https://medium.com/@mycryptopedia
100,https://twitter.com/Mycryptopedia
101,https://www.facebook.com/Mycryptopedia/
102,#
103,#
